id;name;slug;created_at
1;quit;amidst if phooey;2025-11-07T14:47:19
2;vice powerful;language;2025-11-08T05:30:14
3;regarding;pace;2025-11-07T22:01:03
4;verify where;longingly peaceful as;2025-11-07T22:16:48
5;trusting finding what;respray chiffonier;2025-11-08T05:49:38
6;though now;kettledrum;2025-11-08T05:35:24
7;gee flimsy self-reliant;lest;2025-11-07T12:24:51
8;jungle notwithstanding;fooey yet jittery;2025-11-08T03:14:32
9;sweetly times off;up summarise;2025-11-08T00:37:59
10;amidst;phrase musty instead;2025-11-07T13:15:02
